{
  "fio version" : "fio-3.41",
  "timestamp" : 1780944341,
  "timestamp_ms" : 1780944341940,
  "time" : "Mon Jun  8 14:45:41 2026",
  "global options" : {
    "ioengine" : "psync",
    "direct" : "1",
    "invalidate" : "1",
    "group_reporting" : "1",
    "time_based" : "1",
    "runtime" : "30",
    "filename" : "/mnt/nvme0/parcels-demo/01_fio/fio_testfile.bin"
  },
  "jobs" : [
    {
      "jobname" : "rand-read-1M",
      "groupid" : 0,
      "job_start" : 1780944311898,
      "error" : 0,
      "eta" : 0,
      "elapsed" : 31,
      "job options" : {
        "rw" : "randread",
        "bs" : "1M",
        "size" : "10G",
        "norandommap" : "",
        "random_generator" : "tausworthe64"
      },
      "read" : {
        "io_bytes" : 61565042688,
        "io_kbytes" : 60122112,
        "bw_bytes" : 2052099686,
        "bw" : 2004003,
        "iops" : 1957.034766,
        "runtime" : 30001,
        "total_ios" : 58713,
        "short_ios" : 0,
        "drop_ios" : 0,
        "slat_ns" : {
          "min" : 0,
          "max" : 0,
          "mean" : 0.000000,
          "stddev" : 0.000000,
          "N" : 0
        },
        "clat_ns" : {
          "min" : 391396,
          "max" : 12041614,
          "mean" : 508274.818524,
          "stddev" : 108959.798689,
          "N" : 58713,
          "percentile" : {
            "1.000000" : 407552,
            "5.000000" : 440320,
            "10.000000" : 460800,
            "20.000000" : 473088,
            "30.000000" : 477184,
            "40.000000" : 481280,
            "50.000000" : 485376,
            "60.000000" : 493568,
            "70.000000" : 509952,
            "80.000000" : 544768,
            "90.000000" : 577536,
            "95.000000" : 634880,
            "99.000000" : 708608,
            "99.500000" : 741376,
            "99.900000" : 872448,
            "99.950000" : 1187840,
            "99.990000" : 5603328
          }
        },
        "lat_ns" : {
          "min" : 391417,
          "max" : 12042609,
          "mean" : 508532.865447,
          "stddev" : 109042.139457,
          "N" : 58713
        },
        "bw_min" : 1712798,
        "bw_max" : 2177024,
        "bw_agg" : 100.000000,
        "bw_mean" : 2005385.186441,
        "bw_dev" : 75428.478385,
        "bw_samples" : 59,
        "iops_min" : 1672,
        "iops_max" : 2126,
        "iops_mean" : 1958.372881,
        "iops_stddev" : 73.704419,
        "iops_samples" : 59
      },
      "write" : {
        "io_bytes" : 0,
        "io_kbytes" : 0,
        "bw_bytes" : 0,
        "bw" : 0,
        "iops" : 0.000000,
        "runtime" : 0,
        "total_ios" : 0,
        "short_ios" : 0,
        "drop_ios" : 0,
        "slat_ns" : {
          "min" : 0,
          "max" : 0,
          "mean" : 0.000000,
          "stddev" : 0.000000,
          "N" : 0
        },
        "clat_ns" : {
          "min" : 0,
          "max" : 0,
          "mean" : 0.000000,
          "stddev" : 0.000000,
          "N" : 0
        },
        "lat_ns" : {
          "min" : 0,
          "max" : 0,
          "mean" : 0.000000,
          "stddev" : 0.000000,
          "N" : 0
        },
        "bw_min" : 0,
        "bw_max" : 0,
        "bw_agg" : 0.000000,
        "bw_mean" : 0.000000,
        "bw_dev" : 0.000000,
        "bw_samples" : 0,
        "iops_min" : 0,
        "iops_max" : 0,
        "iops_mean" : 0.000000,
        "iops_stddev" : 0.000000,
        "iops_samples" : 0
      },
      "trim" : {
        "io_bytes" : 0,
        "io_kbytes" : 0,
        "bw_bytes" : 0,
        "bw" : 0,
        "iops" : 0.000000,
        "runtime" : 0,
        "total_ios" : 0,
        "short_ios" : 0,
        "drop_ios" : 0,
        "slat_ns" : {
          "min" : 0,
          "max" : 0,
          "mean" : 0.000000,
          "stddev" : 0.000000,
          "N" : 0
        },
        "clat_ns" : {
          "min" : 0,
          "max" : 0,
          "mean" : 0.000000,
          "stddev" : 0.000000,
          "N" : 0
        },
        "lat_ns" : {
          "min" : 0,
          "max" : 0,
          "mean" : 0.000000,
          "stddev" : 0.000000,
          "N" : 0
        },
        "bw_min" : 0,
        "bw_max" : 0,
        "bw_agg" : 0.000000,
        "bw_mean" : 0.000000,
        "bw_dev" : 0.000000,
        "bw_samples" : 0,
        "iops_min" : 0,
        "iops_max" : 0,
        "iops_mean" : 0.000000,
        "iops_stddev" : 0.000000,
        "iops_samples" : 0
      },
      "sync" : {
        "total_ios" : 0,
        "lat_ns" : {
          "min" : 0,
          "max" : 0,
          "mean" : 0.000000,
          "stddev" : 0.000000,
          "N" : 0
        }
      },
      "job_runtime" : 30000,
      "usr_cpu" : 0.906667,
      "sys_cpu" : 16.576667,
      "ctx" : 59027,
      "majf" : 0,
      "minf" : 269,
      "iodepth_level" : {
        "1" : 100.000000,
        "2" : 0.000000,
        "4" : 0.000000,
        "8" : 0.000000,
        "16" : 0.000000,
        "32" : 0.000000,
        ">=64" : 0.000000
      },
      "iodepth_submit" : {
        "0" : 0.000000,
        "4" : 100.000000,
        "8" : 0.000000,
        "16" : 0.000000,
        "32" : 0.000000,
        "64" : 0.000000,
        ">=64" : 0.000000
      },
      "iodepth_complete" : {
        "0" : 0.000000,
        "4" : 100.000000,
        "8" : 0.000000,
        "16" : 0.000000,
        "32" : 0.000000,
        "64" : 0.000000,
        ">=64" : 0.000000
      },
      "latency_ns" : {
        "2" : 0.000000,
        "4" : 0.000000,
        "10" : 0.000000,
        "20" : 0.000000,
        "50" : 0.000000,
        "100" : 0.000000,
        "250" : 0.000000,
        "500" : 0.000000,
        "750" : 0.000000,
        "1000" : 0.000000
      },
      "latency_us" : {
        "2" : 0.000000,
        "4" : 0.000000,
        "10" : 0.000000,
        "20" : 0.000000,
        "50" : 0.000000,
        "100" : 0.000000,
        "250" : 0.000000,
        "500" : 65.033298,
        "750" : 34.510245,
        "1000" : 0.390033
      },
      "latency_ms" : {
        "2" : 0.027251,
        "4" : 0.010219,
        "10" : 0.027251,
        "20" : 0.010000,
        "50" : 0.000000,
        "100" : 0.000000,
        "250" : 0.000000,
        "500" : 0.000000,
        "750" : 0.000000,
        "1000" : 0.000000,
        "2000" : 0.000000,
        ">=2000" : 0.000000
      },
      "latency_depth" : 1,
      "latency_target" : 0,
      "latency_percentile" : 100.000000,
      "latency_window" : 0
    }
  ],
  "disk_util" : [
    {
      "name" : "nvme0n1",
      "read_ios" : 117002,
      "write_ios" : 15,
      "read_sectors" : 119810048,
      "write_sectors" : 760,
      "read_merges" : 0,
      "write_merges" : 80,
      "read_ticks" : 46164,
      "write_ticks" : 5,
      "in_queue" : 46169,
      "util" : 82.909407
    }
  ]
}
