{
  "fio version" : "fio-3.41",
  "timestamp" : 1780944372,
  "timestamp_ms" : 1780944372427,
  "time" : "Mon Jun  8 14:46:12 2026",
  "global options" : {
    "ioengine" : "psync",
    "direct" : "1",
    "invalidate" : "1",
    "group_reporting" : "1",
    "time_based" : "1",
    "runtime" : "30",
    "filename" : "/mnt/nvme0/parcels-demo/01_fio/fio_testfile.bin"
  },
  "jobs" : [
    {
      "jobname" : "rand-read-4k",
      "groupid" : 0,
      "job_start" : 1780944342386,
      "error" : 0,
      "eta" : 0,
      "elapsed" : 31,
      "job options" : {
        "rw" : "randread",
        "bs" : "4k",
        "size" : "10G",
        "norandommap" : "",
        "random_generator" : "tausworthe64"
      },
      "read" : {
        "io_bytes" : 1693028352,
        "io_kbytes" : 1653348,
        "bw_bytes" : 56432397,
        "bw" : 55109,
        "iops" : 13777.440752,
        "runtime" : 30001,
        "total_ios" : 413337,
        "short_ios" : 0,
        "drop_ios" : 0,
        "slat_ns" : {
          "min" : 0,
          "max" : 0,
          "mean" : 0.000000,
          "stddev" : 0.000000,
          "N" : 0
        },
        "clat_ns" : {
          "min" : 49214,
          "max" : 8083949,
          "mean" : 70877.067918,
          "stddev" : 17990.902304,
          "N" : 413337,
          "percentile" : {
            "1.000000" : 55552,
            "5.000000" : 59648,
            "10.000000" : 63744,
            "20.000000" : 67072,
            "30.000000" : 68096,
            "40.000000" : 68096,
            "50.000000" : 69120,
            "60.000000" : 70144,
            "70.000000" : 72192,
            "80.000000" : 73216,
            "90.000000" : 75264,
            "95.000000" : 78336,
            "99.000000" : 142336,
            "99.500000" : 154624,
            "99.900000" : 197632,
            "99.950000" : 218112,
            "99.990000" : 313344
          }
        },
        "lat_ns" : {
          "min" : 49237,
          "max" : 8085602,
          "mean" : 71119.760638,
          "stddev" : 18041.959894,
          "N" : 413337
        },
        "bw_min" : 47152,
        "bw_max" : 58472,
        "bw_agg" : 100.000000,
        "bw_mean" : 55153.355932,
        "bw_dev" : 1457.061494,
        "bw_samples" : 59,
        "iops_min" : 11788,
        "iops_max" : 14618,
        "iops_mean" : 13788.372881,
        "iops_stddev" : 364.248205,
        "iops_samples" : 59
      },
      "write" : {
        "io_bytes" : 0,
        "io_kbytes" : 0,
        "bw_bytes" : 0,
        "bw" : 0,
        "iops" : 0.000000,
        "runtime" : 0,
        "total_ios" : 0,
        "short_ios" : 0,
        "drop_ios" : 0,
        "slat_ns" : {
          "min" : 0,
          "max" : 0,
          "mean" : 0.000000,
          "stddev" : 0.000000,
          "N" : 0
        },
        "clat_ns" : {
          "min" : 0,
          "max" : 0,
          "mean" : 0.000000,
          "stddev" : 0.000000,
          "N" : 0
        },
        "lat_ns" : {
          "min" : 0,
          "max" : 0,
          "mean" : 0.000000,
          "stddev" : 0.000000,
          "N" : 0
        },
        "bw_min" : 0,
        "bw_max" : 0,
        "bw_agg" : 0.000000,
        "bw_mean" : 0.000000,
        "bw_dev" : 0.000000,
        "bw_samples" : 0,
        "iops_min" : 0,
        "iops_max" : 0,
        "iops_mean" : 0.000000,
        "iops_stddev" : 0.000000,
        "iops_samples" : 0
      },
      "trim" : {
        "io_bytes" : 0,
        "io_kbytes" : 0,
        "bw_bytes" : 0,
        "bw" : 0,
        "iops" : 0.000000,
        "runtime" : 0,
        "total_ios" : 0,
        "short_ios" : 0,
        "drop_ios" : 0,
        "slat_ns" : {
          "min" : 0,
          "max" : 0,
          "mean" : 0.000000,
          "stddev" : 0.000000,
          "N" : 0
        },
        "clat_ns" : {
          "min" : 0,
          "max" : 0,
          "mean" : 0.000000,
          "stddev" : 0.000000,
          "N" : 0
        },
        "lat_ns" : {
          "min" : 0,
          "max" : 0,
          "mean" : 0.000000,
          "stddev" : 0.000000,
          "N" : 0
        },
        "bw_min" : 0,
        "bw_max" : 0,
        "bw_agg" : 0.000000,
        "bw_mean" : 0.000000,
        "bw_dev" : 0.000000,
        "bw_samples" : 0,
        "iops_min" : 0,
        "iops_max" : 0,
        "iops_mean" : 0.000000,
        "iops_stddev" : 0.000000,
        "iops_samples" : 0
      },
      "sync" : {
        "total_ios" : 0,
        "lat_ns" : {
          "min" : 0,
          "max" : 0,
          "mean" : 0.000000,
          "stddev" : 0.000000,
          "N" : 0
        }
      },
      "job_runtime" : 30000,
      "usr_cpu" : 3.793333,
      "sys_cpu" : 11.380000,
      "ctx" : 413566,
      "majf" : 0,
      "minf" : 15,
      "iodepth_level" : {
        "1" : 100.000000,
        "2" : 0.000000,
        "4" : 0.000000,
        "8" : 0.000000,
        "16" : 0.000000,
        "32" : 0.000000,
        ">=64" : 0.000000
      },
      "iodepth_submit" : {
        "0" : 0.000000,
        "4" : 100.000000,
        "8" : 0.000000,
        "16" : 0.000000,
        "32" : 0.000000,
        "64" : 0.000000,
        ">=64" : 0.000000
      },
      "iodepth_complete" : {
        "0" : 0.000000,
        "4" : 100.000000,
        "8" : 0.000000,
        "16" : 0.000000,
        "32" : 0.000000,
        "64" : 0.000000,
        ">=64" : 0.000000
      },
      "latency_ns" : {
        "2" : 0.000000,
        "4" : 0.000000,
        "10" : 0.000000,
        "20" : 0.000000,
        "50" : 0.000000,
        "100" : 0.000000,
        "250" : 0.000000,
        "500" : 0.000000,
        "750" : 0.000000,
        "1000" : 0.000000
      },
      "latency_us" : {
        "2" : 0.000000,
        "4" : 0.000000,
        "10" : 0.000000,
        "20" : 0.000000,
        "50" : 0.010000,
        "100" : 98.041550,
        "250" : 1.929902,
        "500" : 0.019839,
        "750" : 0.010000,
        "1000" : 0.010000
      },
      "latency_ms" : {
        "2" : 0.010000,
        "4" : 0.000000,
        "10" : 0.010000,
        "20" : 0.000000,
        "50" : 0.000000,
        "100" : 0.000000,
        "250" : 0.000000,
        "500" : 0.000000,
        "750" : 0.000000,
        "1000" : 0.000000,
        "2000" : 0.000000,
        ">=2000" : 0.000000
      },
      "latency_depth" : 1,
      "latency_target" : 0,
      "latency_percentile" : 100.000000,
      "latency_window" : 0
    }
  ],
  "disk_util" : [
    {
      "name" : "nvme0n1",
      "read_ios" : 411947,
      "write_ios" : 0,
      "read_sectors" : 3295576,
      "write_sectors" : 0,
      "read_merges" : 0,
      "write_merges" : 0,
      "read_ticks" : 24118,
      "write_ticks" : 0,
      "in_queue" : 24118,
      "util" : 77.676903
    }
  ]
}
