{
  "fio version" : "fio-3.41",
  "timestamp" : 1780944311,
  "timestamp_ms" : 1780944311511,
  "time" : "Mon Jun  8 14:45:11 2026",
  "global options" : {
    "ioengine" : "psync",
    "direct" : "1",
    "invalidate" : "1",
    "group_reporting" : "1",
    "filename" : "/mnt/nvme0/parcels-demo/01_fio/fio_testfile.bin"
  },
  "jobs" : [
    {
      "jobname" : "seq-read-1M",
      "groupid" : 0,
      "job_start" : 1780944306113,
      "error" : 0,
      "eta" : 0,
      "elapsed" : 6,
      "job options" : {
        "rw" : "read",
        "bs" : "1M",
        "size" : "10G"
      },
      "read" : {
        "io_bytes" : 10737418240,
        "io_kbytes" : 10485760,
        "bw_bytes" : 2083317469,
        "bw" : 2034489,
        "iops" : 1986.806364,
        "runtime" : 5154,
        "total_ios" : 10240,
        "short_ios" : 0,
        "drop_ios" : 0,
        "slat_ns" : {
          "min" : 0,
          "max" : 0,
          "mean" : 0.000000,
          "stddev" : 0.000000,
          "N" : 0
        },
        "clat_ns" : {
          "min" : 350330,
          "max" : 12122205,
          "mean" : 501806.003613,
          "stddev" : 162528.718191,
          "N" : 10240,
          "percentile" : {
            "1.000000" : 354304,
            "5.000000" : 403456,
            "10.000000" : 428032,
            "20.000000" : 448512,
            "30.000000" : 473088,
            "40.000000" : 489472,
            "50.000000" : 501760,
            "60.000000" : 509952,
            "70.000000" : 528384,
            "80.000000" : 544768,
            "90.000000" : 561152,
            "95.000000" : 585728,
            "99.000000" : 667648,
            "99.500000" : 700416,
            "99.900000" : 847872,
            "99.950000" : 1187840,
            "99.990000" : 7241728
          }
        },
        "lat_ns" : {
          "min" : 350359,
          "max" : 12123623,
          "mean" : 502046.803320,
          "stddev" : 162561.616784,
          "N" : 10240
        },
        "bw_min" : 1916928,
        "bw_max" : 2301952,
        "bw_agg" : 99.959414,
        "bw_mean" : 2033664.000000,
        "bw_dev" : 111297.699048,
        "bw_samples" : 10,
        "iops_min" : 1872,
        "iops_max" : 2248,
        "iops_mean" : 1986.000000,
        "iops_stddev" : 108.689159,
        "iops_samples" : 10
      },
      "write" : {
        "io_bytes" : 0,
        "io_kbytes" : 0,
        "bw_bytes" : 0,
        "bw" : 0,
        "iops" : 0.000000,
        "runtime" : 0,
        "total_ios" : 0,
        "short_ios" : 0,
        "drop_ios" : 0,
        "slat_ns" : {
          "min" : 0,
          "max" : 0,
          "mean" : 0.000000,
          "stddev" : 0.000000,
          "N" : 0
        },
        "clat_ns" : {
          "min" : 0,
          "max" : 0,
          "mean" : 0.000000,
          "stddev" : 0.000000,
          "N" : 0
        },
        "lat_ns" : {
          "min" : 0,
          "max" : 0,
          "mean" : 0.000000,
          "stddev" : 0.000000,
          "N" : 0
        },
        "bw_min" : 0,
        "bw_max" : 0,
        "bw_agg" : 0.000000,
        "bw_mean" : 0.000000,
        "bw_dev" : 0.000000,
        "bw_samples" : 0,
        "iops_min" : 0,
        "iops_max" : 0,
        "iops_mean" : 0.000000,
        "iops_stddev" : 0.000000,
        "iops_samples" : 0
      },
      "trim" : {
        "io_bytes" : 0,
        "io_kbytes" : 0,
        "bw_bytes" : 0,
        "bw" : 0,
        "iops" : 0.000000,
        "runtime" : 0,
        "total_ios" : 0,
        "short_ios" : 0,
        "drop_ios" : 0,
        "slat_ns" : {
          "min" : 0,
          "max" : 0,
          "mean" : 0.000000,
          "stddev" : 0.000000,
          "N" : 0
        },
        "clat_ns" : {
          "min" : 0,
          "max" : 0,
          "mean" : 0.000000,
          "stddev" : 0.000000,
          "N" : 0
        },
        "lat_ns" : {
          "min" : 0,
          "max" : 0,
          "mean" : 0.000000,
          "stddev" : 0.000000,
          "N" : 0
        },
        "bw_min" : 0,
        "bw_max" : 0,
        "bw_agg" : 0.000000,
        "bw_mean" : 0.000000,
        "bw_dev" : 0.000000,
        "bw_samples" : 0,
        "iops_min" : 0,
        "iops_max" : 0,
        "iops_mean" : 0.000000,
        "iops_stddev" : 0.000000,
        "iops_samples" : 0
      },
      "sync" : {
        "total_ios" : 0,
        "lat_ns" : {
          "min" : 0,
          "max" : 0,
          "mean" : 0.000000,
          "stddev" : 0.000000,
          "N" : 0
        }
      },
      "job_runtime" : 5153,
      "usr_cpu" : 0.523967,
      "sys_cpu" : 15.544343,
      "ctx" : 10258,
      "majf" : 0,
      "minf" : 264,
      "iodepth_level" : {
        "1" : 100.000000,
        "2" : 0.000000,
        "4" : 0.000000,
        "8" : 0.000000,
        "16" : 0.000000,
        "32" : 0.000000,
        ">=64" : 0.000000
      },
      "iodepth_submit" : {
        "0" : 0.000000,
        "4" : 100.000000,
        "8" : 0.000000,
        "16" : 0.000000,
        "32" : 0.000000,
        "64" : 0.000000,
        ">=64" : 0.000000
      },
      "iodepth_complete" : {
        "0" : 0.000000,
        "4" : 100.000000,
        "8" : 0.000000,
        "16" : 0.000000,
        "32" : 0.000000,
        "64" : 0.000000,
        ">=64" : 0.000000
      },
      "latency_ns" : {
        "2" : 0.000000,
        "4" : 0.000000,
        "10" : 0.000000,
        "20" : 0.000000,
        "50" : 0.000000,
        "100" : 0.000000,
        "250" : 0.000000,
        "500" : 0.000000,
        "750" : 0.000000,
        "1000" : 0.000000
      },
      "latency_us" : {
        "2" : 0.000000,
        "4" : 0.000000,
        "10" : 0.000000,
        "20" : 0.000000,
        "50" : 0.000000,
        "100" : 0.000000,
        "250" : 0.000000,
        "500" : 49.960938,
        "750" : 49.824219,
        "1000" : 0.146484
      },
      "latency_ms" : {
        "2" : 0.019531,
        "4" : 0.010000,
        "10" : 0.029297,
        "20" : 0.010000,
        "50" : 0.000000,
        "100" : 0.000000,
        "250" : 0.000000,
        "500" : 0.000000,
        "750" : 0.000000,
        "1000" : 0.000000,
        "2000" : 0.000000,
        ">=2000" : 0.000000
      },
      "latency_depth" : 1,
      "latency_target" : 0,
      "latency_percentile" : 100.000000,
      "latency_window" : 0
    }
  ],
  "disk_util" : [
    {
      "name" : "nvme0n1",
      "read_ios" : 20454,
      "write_ios" : 2,
      "read_sectors" : 20944896,
      "write_sectors" : 32,
      "read_merges" : 0,
      "write_merges" : 2,
      "read_ticks" : 6983,
      "write_ticks" : 2,
      "in_queue" : 6986,
      "util" : 82.544830
    }
  ]
}
