{
  "fio version" : "fio-3.41",
  "timestamp" : 1780607665,
  "timestamp_ms" : 1780607665576,
  "time" : "Thu Jun  4 17:14:25 2026",
  "global options" : {
    "ioengine" : "psync",
    "direct" : "1",
    "invalidate" : "1",
    "group_reporting" : "1",
    "time_based" : "1",
    "runtime" : "30",
    "filename" : "/home/joe/Projects/Geomar-Utrecht/Parcels/demos/dask-performance/01_fio/fio_testfile.bin"
  },
  "jobs" : [
    {
      "jobname" : "rand-read-4k",
      "groupid" : 0,
      "job_start" : 1780607635534,
      "error" : 0,
      "eta" : 0,
      "elapsed" : 31,
      "job options" : {
        "rw" : "randread",
        "bs" : "4k",
        "size" : "10G",
        "norandommap" : "",
        "random_generator" : "tausworthe64"
      },
      "read" : {
        "io_bytes" : 1080500224,
        "io_kbytes" : 1055176,
        "bw_bytes" : 36015473,
        "bw" : 35171,
        "iops" : 8792.840239,
        "runtime" : 30001,
        "total_ios" : 263794,
        "short_ios" : 0,
        "drop_ios" : 0,
        "slat_ns" : {
          "min" : 0,
          "max" : 0,
          "mean" : 0.000000,
          "stddev" : 0.000000,
          "N" : 0
        },
        "clat_ns" : {
          "min" : 46212,
          "max" : 1671566,
          "mean" : 112111.639920,
          "stddev" : 36258.723087,
          "N" : 263794,
          "percentile" : {
            "1.000000" : 62208,
            "5.000000" : 67072,
            "10.000000" : 72192,
            "20.000000" : 74240,
            "30.000000" : 76288,
            "40.000000" : 98816,
            "50.000000" : 120320,
            "60.000000" : 127488,
            "70.000000" : 129536,
            "80.000000" : 146432,
            "90.000000" : 154624,
            "95.000000" : 156672,
            "99.000000" : 205824,
            "99.500000" : 228352,
            "99.900000" : 276480,
            "99.950000" : 296960,
            "99.990000" : 407552
          }
        },
        "lat_ns" : {
          "min" : 46426,
          "max" : 1672578,
          "mean" : 112308.950135,
          "stddev" : 36294.796702,
          "N" : 263794
        },
        "bw_min" : 34352,
        "bw_max" : 36752,
        "bw_agg" : 100.000000,
        "bw_mean" : 35224.525424,
        "bw_dev" : 577.261560,
        "bw_samples" : 59,
        "iops_min" : 8588,
        "iops_max" : 9188,
        "iops_mean" : 8806.118644,
        "iops_stddev" : 144.293055,
        "iops_samples" : 59
      },
      "write" : {
        "io_bytes" : 0,
        "io_kbytes" : 0,
        "bw_bytes" : 0,
        "bw" : 0,
        "iops" : 0.000000,
        "runtime" : 0,
        "total_ios" : 0,
        "short_ios" : 0,
        "drop_ios" : 0,
        "slat_ns" : {
          "min" : 0,
          "max" : 0,
          "mean" : 0.000000,
          "stddev" : 0.000000,
          "N" : 0
        },
        "clat_ns" : {
          "min" : 0,
          "max" : 0,
          "mean" : 0.000000,
          "stddev" : 0.000000,
          "N" : 0
        },
        "lat_ns" : {
          "min" : 0,
          "max" : 0,
          "mean" : 0.000000,
          "stddev" : 0.000000,
          "N" : 0
        },
        "bw_min" : 0,
        "bw_max" : 0,
        "bw_agg" : 0.000000,
        "bw_mean" : 0.000000,
        "bw_dev" : 0.000000,
        "bw_samples" : 0,
        "iops_min" : 0,
        "iops_max" : 0,
        "iops_mean" : 0.000000,
        "iops_stddev" : 0.000000,
        "iops_samples" : 0
      },
      "trim" : {
        "io_bytes" : 0,
        "io_kbytes" : 0,
        "bw_bytes" : 0,
        "bw" : 0,
        "iops" : 0.000000,
        "runtime" : 0,
        "total_ios" : 0,
        "short_ios" : 0,
        "drop_ios" : 0,
        "slat_ns" : {
          "min" : 0,
          "max" : 0,
          "mean" : 0.000000,
          "stddev" : 0.000000,
          "N" : 0
        },
        "clat_ns" : {
          "min" : 0,
          "max" : 0,
          "mean" : 0.000000,
          "stddev" : 0.000000,
          "N" : 0
        },
        "lat_ns" : {
          "min" : 0,
          "max" : 0,
          "mean" : 0.000000,
          "stddev" : 0.000000,
          "N" : 0
        },
        "bw_min" : 0,
        "bw_max" : 0,
        "bw_agg" : 0.000000,
        "bw_mean" : 0.000000,
        "bw_dev" : 0.000000,
        "bw_samples" : 0,
        "iops_min" : 0,
        "iops_max" : 0,
        "iops_mean" : 0.000000,
        "iops_stddev" : 0.000000,
        "iops_samples" : 0
      },
      "sync" : {
        "total_ios" : 0,
        "lat_ns" : {
          "min" : 0,
          "max" : 0,
          "mean" : 0.000000,
          "stddev" : 0.000000,
          "N" : 0
        }
      },
      "job_runtime" : 30000,
      "usr_cpu" : 2.190000,
      "sys_cpu" : 8.146667,
      "ctx" : 263935,
      "majf" : 0,
      "minf" : 10,
      "iodepth_level" : {
        "1" : 100.000000,
        "2" : 0.000000,
        "4" : 0.000000,
        "8" : 0.000000,
        "16" : 0.000000,
        "32" : 0.000000,
        ">=64" : 0.000000
      },
      "iodepth_submit" : {
        "0" : 0.000000,
        "4" : 100.000000,
        "8" : 0.000000,
        "16" : 0.000000,
        "32" : 0.000000,
        "64" : 0.000000,
        ">=64" : 0.000000
      },
      "iodepth_complete" : {
        "0" : 0.000000,
        "4" : 100.000000,
        "8" : 0.000000,
        "16" : 0.000000,
        "32" : 0.000000,
        "64" : 0.000000,
        ">=64" : 0.000000
      },
      "latency_ns" : {
        "2" : 0.000000,
        "4" : 0.000000,
        "10" : 0.000000,
        "20" : 0.000000,
        "50" : 0.000000,
        "100" : 0.000000,
        "250" : 0.000000,
        "500" : 0.000000,
        "750" : 0.000000,
        "1000" : 0.000000
      },
      "latency_us" : {
        "2" : 0.000000,
        "4" : 0.000000,
        "10" : 0.000000,
        "20" : 0.000000,
        "50" : 0.010000,
        "100" : 40.457706,
        "250" : 59.323563,
        "500" : 0.210771,
        "750" : 0.010000,
        "1000" : 0.010000
      },
      "latency_ms" : {
        "2" : 0.010000,
        "4" : 0.000000,
        "10" : 0.000000,
        "20" : 0.000000,
        "50" : 0.000000,
        "100" : 0.000000,
        "250" : 0.000000,
        "500" : 0.000000,
        "750" : 0.000000,
        "1000" : 0.000000,
        "2000" : 0.000000,
        ">=2000" : 0.000000
      },
      "latency_depth" : 1,
      "latency_target" : 0,
      "latency_percentile" : 100.000000,
      "latency_window" : 0
    }
  ],
  "disk_util" : [
    {
      "name" : "dm-2",
      "read_ios" : 262918,
      "write_ios" : 337,
      "read_sectors" : 2103344,
      "write_sectors" : 13023,
      "read_merges" : 0,
      "write_merges" : 0,
      "read_ticks" : 25651,
      "write_ticks" : 74,
      "in_queue" : 25725,
      "util" : 85.628922,
      "aggr_read_ios" : 263794,
      "aggr_write_ios" : 362,
      "aggr_read_sectors" : 2110352,
      "aggr_write_sectors" : 13356,
      "aggr_read_merges" : 0,
      "aggr_write_merge" : 9,
      "aggr_read_ticks" : 26106,
      "aggr_write_ticks" : 93,
      "aggr_in_queue" : 26204,
      "aggr_util" : 84.821280
    },
    {
      "name" : "nvme1n1",
      "read_ios" : 263794,
      "write_ios" : 362,
      "read_sectors" : 2110352,
      "write_sectors" : 13356,
      "read_merges" : 0,
      "write_merges" : 9,
      "read_ticks" : 26106,
      "write_ticks" : 93,
      "in_queue" : 26204,
      "util" : 84.821280
    }
  ]
}
