{
  "fio version" : "fio-3.41",
  "timestamp" : 1780607635,
  "timestamp_ms" : 1780607635100,
  "time" : "Thu Jun  4 17:13:55 2026",
  "global options" : {
    "ioengine" : "psync",
    "direct" : "1",
    "invalidate" : "1",
    "group_reporting" : "1",
    "time_based" : "1",
    "runtime" : "30",
    "filename" : "/home/joe/Projects/Geomar-Utrecht/Parcels/demos/dask-performance/01_fio/fio_testfile.bin"
  },
  "jobs" : [
    {
      "jobname" : "rand-read-1M",
      "groupid" : 0,
      "job_start" : 1780607605062,
      "error" : 0,
      "eta" : 0,
      "elapsed" : 31,
      "job options" : {
        "rw" : "randread",
        "bs" : "1M",
        "size" : "10G",
        "norandommap" : "",
        "random_generator" : "tausworthe64"
      },
      "read" : {
        "io_bytes" : 57377030144,
        "io_kbytes" : 56032256,
        "bw_bytes" : 1912503921,
        "bw" : 1867679,
        "iops" : 1823.905870,
        "runtime" : 30001,
        "total_ios" : 54719,
        "short_ios" : 0,
        "drop_ios" : 0,
        "slat_ns" : {
          "min" : 0,
          "max" : 0,
          "mean" : 0.000000,
          "stddev" : 0.000000,
          "N" : 0
        },
        "clat_ns" : {
          "min" : 380339,
          "max" : 3637665,
          "mean" : 546015.123613,
          "stddev" : 74314.945886,
          "N" : 54719,
          "percentile" : {
            "1.000000" : 423936,
            "5.000000" : 452608,
            "10.000000" : 460800,
            "20.000000" : 468992,
            "30.000000" : 489472,
            "40.000000" : 522240,
            "50.000000" : 552960,
            "60.000000" : 569344,
            "70.000000" : 585728,
            "80.000000" : 610304,
            "90.000000" : 626688,
            "95.000000" : 651264,
            "99.000000" : 733184,
            "99.500000" : 765952,
            "99.900000" : 823296,
            "99.950000" : 864256,
            "99.990000" : 1761280
          }
        },
        "lat_ns" : {
          "min" : 380361,
          "max" : 3638714,
          "mean" : 546280.389810,
          "stddev" : 74382.236114,
          "N" : 54719
        },
        "bw_min" : 1818624,
        "bw_max" : 1941504,
        "bw_agg" : 100.000000,
        "bw_mean" : 1870038.016949,
        "bw_dev" : 20314.622443,
        "bw_samples" : 59,
        "iops_min" : 1776,
        "iops_max" : 1896,
        "iops_mean" : 1826.203390,
        "iops_stddev" : 19.836208,
        "iops_samples" : 59
      },
      "write" : {
        "io_bytes" : 0,
        "io_kbytes" : 0,
        "bw_bytes" : 0,
        "bw" : 0,
        "iops" : 0.000000,
        "runtime" : 0,
        "total_ios" : 0,
        "short_ios" : 0,
        "drop_ios" : 0,
        "slat_ns" : {
          "min" : 0,
          "max" : 0,
          "mean" : 0.000000,
          "stddev" : 0.000000,
          "N" : 0
        },
        "clat_ns" : {
          "min" : 0,
          "max" : 0,
          "mean" : 0.000000,
          "stddev" : 0.000000,
          "N" : 0
        },
        "lat_ns" : {
          "min" : 0,
          "max" : 0,
          "mean" : 0.000000,
          "stddev" : 0.000000,
          "N" : 0
        },
        "bw_min" : 0,
        "bw_max" : 0,
        "bw_agg" : 0.000000,
        "bw_mean" : 0.000000,
        "bw_dev" : 0.000000,
        "bw_samples" : 0,
        "iops_min" : 0,
        "iops_max" : 0,
        "iops_mean" : 0.000000,
        "iops_stddev" : 0.000000,
        "iops_samples" : 0
      },
      "trim" : {
        "io_bytes" : 0,
        "io_kbytes" : 0,
        "bw_bytes" : 0,
        "bw" : 0,
        "iops" : 0.000000,
        "runtime" : 0,
        "total_ios" : 0,
        "short_ios" : 0,
        "drop_ios" : 0,
        "slat_ns" : {
          "min" : 0,
          "max" : 0,
          "mean" : 0.000000,
          "stddev" : 0.000000,
          "N" : 0
        },
        "clat_ns" : {
          "min" : 0,
          "max" : 0,
          "mean" : 0.000000,
          "stddev" : 0.000000,
          "N" : 0
        },
        "lat_ns" : {
          "min" : 0,
          "max" : 0,
          "mean" : 0.000000,
          "stddev" : 0.000000,
          "N" : 0
        },
        "bw_min" : 0,
        "bw_max" : 0,
        "bw_agg" : 0.000000,
        "bw_mean" : 0.000000,
        "bw_dev" : 0.000000,
        "bw_samples" : 0,
        "iops_min" : 0,
        "iops_max" : 0,
        "iops_mean" : 0.000000,
        "iops_stddev" : 0.000000,
        "iops_samples" : 0
      },
      "sync" : {
        "total_ios" : 0,
        "lat_ns" : {
          "min" : 0,
          "max" : 0,
          "mean" : 0.000000,
          "stddev" : 0.000000,
          "N" : 0
        }
      },
      "job_runtime" : 30000,
      "usr_cpu" : 0.666667,
      "sys_cpu" : 15.643333,
      "ctx" : 54980,
      "majf" : 0,
      "minf" : 265,
      "iodepth_level" : {
        "1" : 100.000000,
        "2" : 0.000000,
        "4" : 0.000000,
        "8" : 0.000000,
        "16" : 0.000000,
        "32" : 0.000000,
        ">=64" : 0.000000
      },
      "iodepth_submit" : {
        "0" : 0.000000,
        "4" : 100.000000,
        "8" : 0.000000,
        "16" : 0.000000,
        "32" : 0.000000,
        "64" : 0.000000,
        ">=64" : 0.000000
      },
      "iodepth_complete" : {
        "0" : 0.000000,
        "4" : 100.000000,
        "8" : 0.000000,
        "16" : 0.000000,
        "32" : 0.000000,
        "64" : 0.000000,
        ">=64" : 0.000000
      },
      "latency_ns" : {
        "2" : 0.000000,
        "4" : 0.000000,
        "10" : 0.000000,
        "20" : 0.000000,
        "50" : 0.000000,
        "100" : 0.000000,
        "250" : 0.000000,
        "500" : 0.000000,
        "750" : 0.000000,
        "1000" : 0.000000
      },
      "latency_us" : {
        "2" : 0.000000,
        "4" : 0.000000,
        "10" : 0.000000,
        "20" : 0.000000,
        "50" : 0.000000,
        "100" : 0.000000,
        "250" : 0.000000,
        "500" : 33.045195,
        "750" : 66.274968,
        "1000" : 0.654252
      },
      "latency_ms" : {
        "2" : 0.018275,
        "4" : 0.010000,
        "10" : 0.000000,
        "20" : 0.000000,
        "50" : 0.000000,
        "100" : 0.000000,
        "250" : 0.000000,
        "500" : 0.000000,
        "750" : 0.000000,
        "1000" : 0.000000,
        "2000" : 0.000000,
        ">=2000" : 0.000000
      },
      "latency_depth" : 1,
      "latency_target" : 0,
      "latency_percentile" : 100.000000,
      "latency_window" : 0
    }
  ],
  "disk_util" : [
    {
      "name" : "dm-2",
      "read_ios" : 54556,
      "write_ios" : 168,
      "read_sectors" : 111685632,
      "write_sectors" : 4545,
      "read_merges" : 0,
      "write_merges" : 0,
      "read_ticks" : 25451,
      "write_ticks" : 20,
      "in_queue" : 25471,
      "util" : 84.933747,
      "aggr_read_ios" : 109460,
      "aggr_write_ios" : 177,
      "aggr_read_sectors" : 112064512,
      "aggr_write_sectors" : 4787,
      "aggr_read_merges" : 0,
      "aggr_write_merge" : 5,
      "aggr_read_ticks" : 43597,
      "aggr_write_ticks" : 31,
      "aggr_in_queue" : 43634,
      "aggr_util" : 84.847074
    },
    {
      "name" : "nvme1n1",
      "read_ios" : 109460,
      "write_ios" : 177,
      "read_sectors" : 112064512,
      "write_sectors" : 4787,
      "read_merges" : 0,
      "write_merges" : 5,
      "read_ticks" : 43597,
      "write_ticks" : 31,
      "in_queue" : 43634,
      "util" : 84.847074
    }
  ]
}
