{
  "fio version" : "fio-3.41",
  "timestamp" : 1780607604,
  "timestamp_ms" : 1780607604612,
  "time" : "Thu Jun  4 17:13:24 2026",
  "global options" : {
    "ioengine" : "psync",
    "direct" : "1",
    "invalidate" : "1",
    "group_reporting" : "1",
    "filename" : "/home/joe/Projects/Geomar-Utrecht/Parcels/demos/dask-performance/01_fio/fio_testfile.bin"
  },
  "jobs" : [
    {
      "jobname" : "seq-read-1M",
      "groupid" : 0,
      "job_start" : 1780607599464,
      "error" : 0,
      "eta" : 0,
      "elapsed" : 6,
      "job options" : {
        "rw" : "read",
        "bs" : "1M",
        "size" : "10G"
      },
      "read" : {
        "io_bytes" : 10737418240,
        "io_kbytes" : 10485760,
        "bw_bytes" : 2094288714,
        "bw" : 2045203,
        "iops" : 1997.269358,
        "runtime" : 5127,
        "total_ios" : 10240,
        "short_ios" : 0,
        "drop_ios" : 0,
        "slat_ns" : {
          "min" : 0,
          "max" : 0,
          "mean" : 0.000000,
          "stddev" : 0.000000,
          "N" : 0
        },
        "clat_ns" : {
          "min" : 406512,
          "max" : 1567391,
          "mean" : 498564.714453,
          "stddev" : 52446.103931,
          "N" : 10240,
          "percentile" : {
            "1.000000" : 419840,
            "5.000000" : 428032,
            "10.000000" : 444416,
            "20.000000" : 460800,
            "30.000000" : 464896,
            "40.000000" : 473088,
            "50.000000" : 485376,
            "60.000000" : 505856,
            "70.000000" : 522240,
            "80.000000" : 536576,
            "90.000000" : 552960,
            "95.000000" : 593920,
            "99.000000" : 675840,
            "99.500000" : 700416,
            "99.900000" : 765952,
            "99.950000" : 782336,
            "99.990000" : 921600
          }
        },
        "lat_ns" : {
          "min" : 406569,
          "max" : 1568382,
          "mean" : 498798.579102,
          "stddev" : 52524.668876,
          "N" : 10240
        },
        "bw_min" : 1869824,
        "bw_max" : 2236416,
        "bw_agg" : 100.000000,
        "bw_mean" : 2045337.600000,
        "bw_dev" : 140689.136799,
        "bw_samples" : 10,
        "iops_min" : 1826,
        "iops_max" : 2184,
        "iops_mean" : 1997.400000,
        "iops_stddev" : 137.391735,
        "iops_samples" : 10
      },
      "write" : {
        "io_bytes" : 0,
        "io_kbytes" : 0,
        "bw_bytes" : 0,
        "bw" : 0,
        "iops" : 0.000000,
        "runtime" : 0,
        "total_ios" : 0,
        "short_ios" : 0,
        "drop_ios" : 0,
        "slat_ns" : {
          "min" : 0,
          "max" : 0,
          "mean" : 0.000000,
          "stddev" : 0.000000,
          "N" : 0
        },
        "clat_ns" : {
          "min" : 0,
          "max" : 0,
          "mean" : 0.000000,
          "stddev" : 0.000000,
          "N" : 0
        },
        "lat_ns" : {
          "min" : 0,
          "max" : 0,
          "mean" : 0.000000,
          "stddev" : 0.000000,
          "N" : 0
        },
        "bw_min" : 0,
        "bw_max" : 0,
        "bw_agg" : 0.000000,
        "bw_mean" : 0.000000,
        "bw_dev" : 0.000000,
        "bw_samples" : 0,
        "iops_min" : 0,
        "iops_max" : 0,
        "iops_mean" : 0.000000,
        "iops_stddev" : 0.000000,
        "iops_samples" : 0
      },
      "trim" : {
        "io_bytes" : 0,
        "io_kbytes" : 0,
        "bw_bytes" : 0,
        "bw" : 0,
        "iops" : 0.000000,
        "runtime" : 0,
        "total_ios" : 0,
        "short_ios" : 0,
        "drop_ios" : 0,
        "slat_ns" : {
          "min" : 0,
          "max" : 0,
          "mean" : 0.000000,
          "stddev" : 0.000000,
          "N" : 0
        },
        "clat_ns" : {
          "min" : 0,
          "max" : 0,
          "mean" : 0.000000,
          "stddev" : 0.000000,
          "N" : 0
        },
        "lat_ns" : {
          "min" : 0,
          "max" : 0,
          "mean" : 0.000000,
          "stddev" : 0.000000,
          "N" : 0
        },
        "bw_min" : 0,
        "bw_max" : 0,
        "bw_agg" : 0.000000,
        "bw_mean" : 0.000000,
        "bw_dev" : 0.000000,
        "bw_samples" : 0,
        "iops_min" : 0,
        "iops_max" : 0,
        "iops_mean" : 0.000000,
        "iops_stddev" : 0.000000,
        "iops_samples" : 0
      },
      "sync" : {
        "total_ios" : 0,
        "lat_ns" : {
          "min" : 0,
          "max" : 0,
          "mean" : 0.000000,
          "stddev" : 0.000000,
          "N" : 0
        }
      },
      "job_runtime" : 5126,
      "usr_cpu" : 0.955911,
      "sys_cpu" : 16.328521,
      "ctx" : 10279,
      "majf" : 0,
      "minf" : 265,
      "iodepth_level" : {
        "1" : 100.000000,
        "2" : 0.000000,
        "4" : 0.000000,
        "8" : 0.000000,
        "16" : 0.000000,
        "32" : 0.000000,
        ">=64" : 0.000000
      },
      "iodepth_submit" : {
        "0" : 0.000000,
        "4" : 100.000000,
        "8" : 0.000000,
        "16" : 0.000000,
        "32" : 0.000000,
        "64" : 0.000000,
        ">=64" : 0.000000
      },
      "iodepth_complete" : {
        "0" : 0.000000,
        "4" : 100.000000,
        "8" : 0.000000,
        "16" : 0.000000,
        "32" : 0.000000,
        "64" : 0.000000,
        ">=64" : 0.000000
      },
      "latency_ns" : {
        "2" : 0.000000,
        "4" : 0.000000,
        "10" : 0.000000,
        "20" : 0.000000,
        "50" : 0.000000,
        "100" : 0.000000,
        "250" : 0.000000,
        "500" : 0.000000,
        "750" : 0.000000,
        "1000" : 0.000000
      },
      "latency_us" : {
        "2" : 0.000000,
        "4" : 0.000000,
        "10" : 0.000000,
        "20" : 0.000000,
        "50" : 0.000000,
        "100" : 0.000000,
        "250" : 0.000000,
        "500" : 57.031250,
        "750" : 42.851562,
        "1000" : 0.107422
      },
      "latency_ms" : {
        "2" : 0.010000,
        "4" : 0.000000,
        "10" : 0.000000,
        "20" : 0.000000,
        "50" : 0.000000,
        "100" : 0.000000,
        "250" : 0.000000,
        "500" : 0.000000,
        "750" : 0.000000,
        "1000" : 0.000000,
        "2000" : 0.000000,
        ">=2000" : 0.000000
      },
      "latency_depth" : 1,
      "latency_target" : 0,
      "latency_percentile" : 100.000000,
      "latency_window" : 0
    }
  ],
  "disk_util" : [
    {
      "name" : "dm-2",
      "read_ios" : 9763,
      "write_ios" : 26,
      "read_sectors" : 19988480,
      "write_sectors" : 499,
      "read_merges" : 0,
      "write_merges" : 0,
      "read_ticks" : 4082,
      "write_ticks" : 1,
      "in_queue" : 4083,
      "util" : 81.770833,
      "aggr_read_ios" : 20483,
      "aggr_write_ios" : 64,
      "aggr_read_sectors" : 20971520,
      "aggr_write_sectors" : 931,
      "aggr_read_merges" : 0,
      "aggr_write_merge" : 0,
      "aggr_read_ticks" : 7074,
      "aggr_write_ticks" : 16,
      "aggr_in_queue" : 7091,
      "aggr_util" : 81.517584
    },
    {
      "name" : "nvme1n1",
      "read_ios" : 20483,
      "write_ios" : 64,
      "read_sectors" : 20971520,
      "write_sectors" : 931,
      "read_merges" : 0,
      "write_merges" : 0,
      "read_ticks" : 7074,
      "write_ticks" : 16,
      "in_queue" : 7091,
      "util" : 81.517584
    }
  ]
}
